{
    "telemetry_rect_rel": [
        0.7238335435056746,
        0.7277310924369748,
        0.25,
        0.22
    ],
    "ele_profile_rect_rel": [
        0.0,
        0.0,
        0.40445402298850575,
        0.26340996168582376
    ],
    "hud_panels": {
        "elevation": {
            "bg_color": [
                255,
                255,
                255
            ],
            "text_color": [
                255,
                255,
                255
            ],
            "font_scale": 0.5,
            "line_thickness": 2,
            "visible": true,
            "bg_alpha": 0.2,
            "fill_color": [
                190,
                253,
                187
            ],
            "line_color": [
                60,
                60,
                60
            ],
            "cursor_color": [
                80,
                80,
                80
            ],
            "point_color": [
                0,
                0,
                255
            ],
            "font_thickness": 1.0,
            "scale_ratio": 0.5
        },
        "telemetry": {
            "bg_color": [
                200,
                200,
                200
            ],
            "text_color": [
                255,
                255,
                255
            ],
            "font_scale": 1.0,
            "line_thickness": 2,
            "visible": true,
            "line_color": [
                255,
                255,
                255
            ],
            "text_color_val": [
                255,
                255,
                255
            ],
            "text_color_lbl": [
                220,
                220,
                220
            ],
            "shadow_color": [
                0,
                0,
                0
            ],
            "speed_color": [
                192,
                192,
                192
            ],
            "bar_color_active": [
                255,
                255,
                255
            ],
            "bar_color_inactive": [
                100,
                100,
                100
            ],
            "max_speed": 60.0,
            "font_thickness": 1.0,
            "bg_alpha": 0.7,
            "scale_ratio": 1.0
        },
        "track": {
            "bg_color": [
                0,
                0,
                0,
                0
            ],
            "text_color": [
                255,
                255,
                255
            ],
            "font_scale": 1.0,
            "line_thickness": 2,
            "visible": true,
            "track_color": [
                0,
                255,
                0,
                200
            ],
            "curr_point_color": [
                0,
                0,
                255,
                255
            ],
            "curr_point_outline": [
                255,
                255,
                255,
                255
            ],
            "border_color": [
                255,
                255,
                255
            ],
            "view_size_ratio": 0.3,
            "cam_behind_m": 100.0,
            "scale_factor": 0.9,
            "margin_top": 20,
            "margin_right": 20,
            "font_thickness": 1.0,
            "bg_alpha": 0.7,
            "scale_ratio": 1.0
        },
        "speedometer": {
            "bg_color": [
                18,
                18,
                18
            ],
            "text_color": [
                245,
                245,
                245
            ],
            "font_scale": 1.0,
            "line_thickness": 2,
            "visible": true,
            "ring_color": [
                245,
                245,
                245
            ],
            "inactive_color": [
                80,
                80,
                80
            ],
            "accent_color": [
                50,
                74,
                244
            ],
            "sub_text_color": [
                180,
                180,
                180
            ],
            "bg_alpha": 0.68,
            "size_ratio": 0.24,
            "margin_left": 24,
            "margin_bottom": 140,
            "max_speed": 60.0,
            "font_thickness": 1.0,
            "scale_ratio": 1.0
        },
        "porsche911": {
            "bg_color": [
                200,
                200,
                200
            ],
            "text_color": [
                255,
                255,
                255
            ],
            "font_scale": 1.0,
            "line_thickness": 2,
            "visible": false,
            "bg_image_path": "E:\\project\\gpxVideoEditor\\proto\\hud\\911.png",
            "bg_clean_image_path": "e:\\project\\gpxVideoEditor\\proto\\hud\\speed\\911x.png",
            "size_ratio": 0.35,
            "margin_left": 40,
            "margin_bottom": 60,
            "max_speed": 300.0,
            "needle_color_light": [
                240,
                240,
                240
            ],
            "needle_color_dark": [
                160,
                160,
                160
            ],
            "inpaint_enabled": true,
            "inpaint_radius_ratio": 0.45,
            "inpaint_angle": 135.0,
            "inpaint_wedge_width": 10.0,
            "font_thickness": 1.0,
            "bg_alpha": 0.7,
            "scale_ratio": 1.0
        }
    }
}