{
    "telemetry_rect_rel": [
        0.72,
        0.72,
        0.25,
        0.22
    ],
    "ele_profile_rect_rel": [
        0.022270114942528736,
        0.6877394636015326,
        0.40301724137931033,
        0.29022988505747127
    ]
}