{
    "telemetry_rect_rel": [
        0.72,
        0.72,
        0.25,
        0.22
    ],
    "ele_profile_rect_rel": [
        0.01867816091954023,
        0.7241379310344828,
        0.40445402298850575,
        0.26340996168582376
    ]
}